symbol,name,color,icon,q3_24_prior,q4_24_prior,q1_25_prior,q2_25_prior,q3_25_current,q4_25_current,q1_26_current,q2_26_current,agg_prior,agg_current,change_pp,is_annualized,notes,category,mcap_start_prior_usd,mcap_end_prior_usd,mcap_start_current_usd,mcap_end_current_usd,mcap_change_pct,price_start_prior_usd,price_end_prior_usd,price_start_current_usd,price_end_current_usd,price_change_pct_prior,price_change_pct_current,volatility_annualized_prior,volatility_annualized_current,avg_24h_volume_m_usd_prior,avg_24h_volume_m_usd_current,volume_trend_pct,active_addresses,daily_tx_count,tvl_usd,circulating_supply,inflation_rate_pct,fdv_to_mcap_ratio,max_drawdown_prior_pct,max_drawdown_current_pct,sharpe_ratio_prior,sharpe_ratio_current,beta_vs_btc,beta_vs_eth,correlation_btc,correlation_eth,rsi_14d,ma50_200_cross_pct,momentum_90d_pct,yield_volatility,yield_trend_slope,yield_vs_category_avg,q3_26_forward_yield,yield_direction_next_q,risk_adjusted_yield,outperformance_vs_market_pp,investment_score,source_file,source_row,yield_momentum,mcap_to_tvl,risk_score,yield_premium,snapshot_source_file,snapshot_symbol,snapshot_status,snapshot_regular_market_time,snapshot_market_cap_usd,snapshot_price_usd,snapshot_change_pct,snapshot_volume_usd,snapshot_average_volume_usd,snapshot_52w_high_usd,snapshot_52w_low_usd,snapshot_circulating_supply,snapshot_website,snapshot_exchange,quote_status,quote_source_file,quote_symbol,quote_as_of_epoch,quote_as_of_iso,quote_fields_present,quote_completeness_pct,quote_file,quote_join_policy,catalog_row_policy,catalog_generated
AAVE,aave,#b6509e,V,3.5,2.76,3.36,3.23,3.32,3.7,3.88,4.05,3.21,3.74,0.53,0,safety module staking rewards,defi,1528277509.0,1532145793.0,1532145793.0,1800000000,17.78,81.68,78.23,78.23,120.0,-4.22,53.39,80.0,80.94,39.21,162.74,315.05,4678581.0,31784853.0,15150000000,15000000,0.0,1.07,-54.31,-16.29,1.512,2.15,1.312,1.26,0.554,0.589,54.4,-14.31,78.2,0.38,0.126,0.88,4.4,1,4.621,-0.06,35.33,yield_data.csv,15,0.04788,0.1188118812,49.39222326,2.86,,,canonical_only,,,,,,,,,,,,unavailable,,AAVE-USD,,,0,0,csv/quotes/AAVE.csv,raw supplied quote fields only; blank means unavailable,first canonical row with source_file=yield_data.csv,1
ADA,cardano,#0033ad,A,3.3,3.6,3.7,3.87,3.71,3.81,3.68,3.88,3.62,3.77,0.15,0,"liquid stake pool delegation, no lock-up",layer1,5413879266.0,7372169748.0,7372169748.0,7468247552,37.95,0.1698,0.1945,0.1945,0.204,14.55,4.88,65.0,69.3,128.67,253.54,97.05,22108073.0,143164225.0,450000000,36509016064,2.0,1.23,-54.21,-36.01,2.492,2.554,1.025,1.077,0.834,0.83,66.6,-6.23,9.44,0.17,0.055,3.46,3.98,1,5.44,0.35,30.55,yield_data.csv,6,0.00935,16.59610567,27.81225529,0.31,csv/table-1786043396050.csv,ADA-USD,source_snapshot,1786043304,7468247552,0.20435,7.9389377,693376896,418113160,1.016464,0.138695,36509016064,https://www.cardano.org,CCC,source_snapshot,csv/table-1786043396050.csv,ADA-USD,1786043304,2026-08-06T19:08:24Z,83,98.8,csv/quotes/ADA.csv,raw supplied quote fields only; blank means unavailable,first canonical row with source_file=yield_data.csv,1
ALGO,algorand,#00a4d8,G,3.47,3.06,3.22,3.07,3.63,3.62,3.54,3.74,3.21,3.63,0.42,0,governance participation rewards,layer1,1206796029.0,1389408764.0,1389408764.0,1500000000,24.3,0.1208,0.1459,0.1459,0.18,20.78,23.37,65.0,63.8,78.41,97.52,24.37,4459849.0,14562683.0,120000000,8330000000,3.0,1.2,-16.96,-50.96,1.862,2.555,1.115,0.959,0.716,0.682,39.6,3.46,-7.92,0.25,0.072,0.45,4.1,1,5.69,0.88,34.41,yield_data.csv,26,0.018,12.5,27.84227006,3.18,,,canonical_only,,,,,,,,,,,,unavailable,,ALGO-USD,,,0,0,csv/quotes/ALGO.csv,raw supplied quote fields only; blank means unavailable,first canonical row with source_file=yield_data.csv,1
APT,aptos,#1d4ed8,T,6.39,6.64,6.36,6.23,6.91,7.14,7.52,7.4,6.41,7.24,0.83,0,Move-based PoS with deflationary tokenomics,layer1,3679816398.0,3874789950.0,3874789950.0,5500000000,49.46,2.12,1.83,1.83,3.85,-13.68,110.38,65.0,60.65,169.73,205.83,21.27,8843924.0,103895737.0,300000000,1428000000,4.5,0.7,-41.97,-44.38,6.785,8.64,1.166,1.219,0.84,0.768,40.6,8.49,50.54,0.46,0.173,-0.46,7.99,1,11.937,1.31,100,yield_data.csv,12,0.07958,18.33333333,8.18494213,7.7,,,canonical_only,,,,,,,,,,,,unavailable,,APT-USD,,,0,0,csv/quotes/APT.csv,raw supplied quote fields only; blank means unavailable,first canonical row with source_file=yield_data.csv,1
ARB,arbitrum,#28a0f0,R,2.43,2.74,2.41,2.22,2.75,2.82,2.66,2.86,2.45,2.77,0.32,0,sequencer revenue share staking,layer2,4403816030.0,4809058417.0,4809058417.0,5500000000,24.89,0.91,1.02,1.02,1.15,12.09,12.75,75.0,67.02,245.5,192.03,-21.78,26744493.0,61984278.0,1540000000,4780000000,2.5,2.09,-24.91,-25.86,0.6,1.149,1.237,1.2,0.407,0.665,57.0,-4.84,41.5,0.22,0.052,4.38,3.29,1,4.133,-0.45,27.81,yield_data.csv,17,0.01144,3.571428571,72.15295039,-1.61,,,canonical_only,,,,,,,,,,,,unavailable,,ARB-USD,,,0,0,csv/quotes/ARB.csv,raw supplied quote fields only; blank means unavailable,first canonical row with source_file=yield_data.csv,1
ATOM,cosmos,#2e3148,C,14.88,16.44,14.91,14.98,15.17,14.92,15.7,16.72,15.3,15.63,0.33,0,high headline yield with 10-14% inflation,layer1,558600870.0,641674290.0,641674290.0,713380288,27.71,0.69,0.63,0.63,1.36,-8.7,115.87,78.0,66.84,12.85,52.29,306.93,2071358.0,13360622.0,250000000,523250432,12.0,1.88,-60.05,-39.07,17.051,20.392,1.196,1.237,0.831,0.723,38.6,0.82,77.49,0.69,0.112,4.03,17.4,1,23.384,-0.46,100,yield_data.csv,10,0.07728,2.853521152,3.920196155,11.6,csv/table-1786043423210.csv,ATOM-USD,source_snapshot,1786043351,713380288,1.363,1.1127585,21765084,38454963,4.960639,1.215123,523250432,https://cosmos.network/,CCC,source_snapshot,csv/table-1786043423210.csv,ATOM-USD,1786043351,2026-08-06T19:09:11Z,83,98.8,csv/quotes/ATOM.csv,raw supplied quote fields only; blank means unavailable,first canonical row with source_file=yield_data.csv,1
AVAX,avalanche,#e84142,V,6.81,7.55,7.78,6.73,7.4,7.76,7.63,8.16,7.22,7.74,0.52,0,validator/delegator staking with fee burn,layer1,1665190451.0,2342298243.0,2342298243.0,2784053760,67.19,4.11,4.54,4.54,6.45,10.46,42.07,65.0,63.32,33.49,113.92,240.16,4880799.0,14873889.0,1200000000,431771968,5.5,1.66,-37.81,-43.95,8.031,9.065,1.125,1.114,0.681,0.761,34.8,15.85,55.61,0.46,0.125,3.53,9.04,1,12.224,0.67,100,yield_data.csv,8,0.0575,2.3200448,7.858246001,4.21,csv/table-1786043409882.csv,AVAX-USD,source_snapshot,1786043347,2784053760,6.452,-3.1085718,268345520,267021717,35.91024,5.693566,431771968,https://avax.network/,CCC,source_snapshot,csv/table-1786043409882.csv,AVAX-USD,1786043347,2026-08-06T19:09:07Z,83,98.8,csv/quotes/AVAX.csv,raw supplied quote fields only; blank means unavailable,first canonical row with source_file=yield_data.csv,1
BAL,balancer,#1e8e3e,B,2.42,2.3,2.42,2.58,2.78,2.5,2.72,2.81,2.43,2.7,0.27,0,veBAL liquidity mining,defi,180323742.0,220650669.0,220650669.0,280000000,55.28,1.46,2.05,2.05,1.85,40.41,-9.76,96.0,105.4,7.26,20.33,180.03,19720.0,1917069.0,90000000,151000000,3.0,0.64,-56.24,-84.05,0.448,0.664,1.306,1.27,0.576,0.565,52.5,-12.13,39.37,0.18,0.063,4.12,2.9,1,2.562,0.51,12.98,yield_data.csv,57,0.01134,3.111111111,207.3078313,-1.42,,,canonical_only,,,,,,,,,,,,unavailable,,BAL-USD,,,0,0,csv/quotes/BAL.csv,raw supplied quote fields only; blank means unavailable,first canonical row with source_file=yield_data.csv,1
BTC,bitcoin,#f7931a,B,1.15,1.3,1.3,1.44,1.31,1.47,1.69,1.8,1.3,1.57,0.27,0,lending-market equivalent via Babylon protocol,store_of_value,1013951153867.0,1245828472529.0,1245828472529.0,1291637751808,27.39,48661.72,63789.15,63789.15,64393.88,31.09,0.95,49.05,42.0,53864.99,45716.74,-15.13,3991562597.0,2975490629.0,7000000000,20066624,0.8,1.05,-28.14,-53.06,-1.427,-1.024,0.944,0.996,0.886,0.742,40.1,24.1,71.52,0.2,0.082,3.44,1.92,1,3.738,-0.0,0,yield_data.csv,2,0.0164,184.5196788,-38.71875,-1.87,csv/table-1786043374524.csv,BTC-USD,source_snapshot,1786043306,1291637751808,64393.88,-0.6185106,19665172480,29203941257,126198.07,57747.766,20066624,https://bitcoin.org/,CCC,source_snapshot,csv/table-1786043374524.csv,BTC-USD,1786043306,2026-08-06T19:08:26Z,82,97.6,csv/quotes/BTC.csv,raw supplied quote fields only; blank means unavailable,first canonical row with source_file=yield_data.csv,1
CELO,celo,#fbcc5c,C,4.81,4.27,5.02,4.54,5.15,5.03,5.33,5.19,4.66,5.18,0.52,0,proof-of-stake with stability mechanism,payments,348279702.0,400100934.0,400100934.0,420000000,20.59,0.3038,0.3748,0.3748,0.55,23.37,46.74,66.0,75.61,8.96,20.48,128.57,122506.0,3831428.0,55000000,764000000,5.0,1.31,-41.76,-54.45,4.03,4.206,0.932,0.97,0.635,0.536,61.2,15.83,11.57,0.33,0.102,-0.84,5.86,1,6.851,0.23,48.55,yield_data.csv,39,0.03366,7.636363636,16.75428436,6.02,,,canonical_only,,,,,,,,,,,,unavailable,,CELO-USD,,,0,0,csv/quotes/CELO.csv,raw supplied quote fields only; blank means unavailable,first canonical row with source_file=yield_data.csv,1
COMP,compound,#00d395,C,1.84,2.08,1.94,1.71,2.26,2.42,2.35,2.36,1.89,2.35,0.46,0,governance comp distribution,defi,321499053.0,429067042.0,429067042.0,520000000,61.74,31.09,32.78,32.78,42.5,5.44,29.65,96.0,89.8,13.06,49.72,280.7,53659.0,4326579.0,120000000,12200000,2.5,0.82,-45.62,-33.03,-0.115,0.39,1.266,1.153,0.616,0.747,56.9,-12.5,25.25,0.25,0.083,0.87,2.16,0,2.617,0.02,19.0,yield_data.csv,56,0.02075,4.333333333,291.5046154,1.48,,,canonical_only,,,,,,,,,,,,unavailable,,COMP-USD,,,0,0,csv/quotes/COMP.csv,raw supplied quote fields only; blank means unavailable,first canonical row with source_file=yield_data.csv,1
CRO,cronos,#002d72,C,5.08,4.46,5.03,4.86,4.95,4.66,4.49,4.99,4.86,4.77,-0.09,0,exchange-backed chain staking,payments,1620225850.0,2289795866.0,2289795866.0,2800000000,72.82,0.0609,0.0558,0.0558,0.095,-8.37,70.25,55.0,48.3,79.97,124.22,55.33,983744.0,2612423.0,450000000,29400000000,3.5,1.03,-19.85,-16.18,5.2,5.735,0.921,0.993,0.574,0.63,43.4,-8.29,-24.82,0.23,-0.018,-0.64,4.84,0,9.876,-0.07,61.35,yield_data.csv,52,-0.00414,6.222222222,7.756634699,5.41,,,canonical_only,,,,,,,,,,,,unavailable,,CRO-USD,,,0,0,csv/quotes/CRO.csv,raw supplied quote fields only; blank means unavailable,first canonical row with source_file=yield_data.csv,1
CRV,curve,#ff5e5e,C,3.14,2.79,3.67,3.68,3.13,3.39,3.38,3.63,3.32,3.38,0.06,0,veCRV gauge voting yield,defi,227052417.0,254464114.0,254464114.0,380000000,67.36,0.3155,0.2841,0.2841,0.42,-9.95,47.84,96.0,96.92,5.43,26.75,392.63,1563543.0,6146084.0,250000000,905000000,6.0,3.65,-87.09,-37.12,1.375,1.424,1.37,1.518,0.533,0.604,50.4,13.18,-32.1,0.3,0.059,-1.18,3.89,1,3.487,-0.54,27.11,yield_data.csv,54,0.0177,1.52,93.24466292,4.56,,,canonical_only,,,,,,,,,,,,unavailable,,CRV-USD,,,0,0,csv/quotes/CRV.csv,raw supplied quote fields only; blank means unavailable,first canonical row with source_file=yield_data.csv,1
DOT,polkadot,#e6007a,D,11.91,11.35,10.78,11.68,11.68,11.51,12.1,11.24,11.43,11.63,0.2,0,nominated PoS with nomination pools,layer1,833538909.0,1031255611.0,1031255611.0,1396147712,67.5,0.5743,0.6737,0.6737,0.82,17.31,21.72,65.0,57.39,51.3,86.9,69.4,3995503.0,6097337.0,600000000,1696793600,7.5,1.24,-29.02,-21.22,14.508,16.78,1.167,1.027,0.666,0.87,36.9,10.8,51.09,0.39,0.015,2.78,10.97,0,20.265,-0.25,100,yield_data.csv,9,0.00585,2.326912853,3.991306913,8.85,csv/table-1786043414639.csv,DOT-USD,source_snapshot,1786043333,1396147712,0.8223,-2.9848945,69310648,107426330,4.874237,0.748359,1696793600,https://polkadot.com,CCC,source_snapshot,csv/table-1786043414639.csv,DOT-USD,1786043333,2026-08-06T19:08:53Z,83,98.8,csv/quotes/DOT.csv,raw supplied quote fields only; blank means unavailable,first canonical row with source_file=yield_data.csv,1
EIGEN,eigenlayer,#1a1a2e,E,3.58,3.68,3.04,3.19,3.62,3.59,3.9,3.4,3.37,3.63,0.26,0,restaking AVS rewards,infrastructure,574832460.0,587040028.0,587040028.0,680000000,18.3,1.04,1.08,1.08,1.45,3.85,34.26,90.0,83.33,45.19,58.65,29.79,2333019.0,7383560.0,7250000000,469000000,5.0,3.56,-59.43,-18.92,1.522,1.956,1.253,1.281,0.548,0.656,57.6,-17.2,38.14,0.26,0.023,3.99,3.44,1,4.356,-0.65,33.05,yield_data.csv,42,0.00598,0.09379310345,53.38061861,-0.36,,,canonical_only,,,,,,,,,,,,unavailable,,EIGEN-USD,,,0,0,csv/quotes/EIGEN.csv,raw supplied quote fields only; blank means unavailable,first canonical row with source_file=yield_data.csv,1
EOS,eos,#000000,S,2.67,3.14,2.74,2.79,3.15,3.24,3.27,3.36,2.83,3.25,0.42,0,rex resource exchange yield,layer1,669458021.0,670361488.0,670361488.0,900000000,34.44,0.346,0.3656,0.3656,0.65,5.66,77.79,78.0,83.8,15.71,85.43,443.79,3888215.0,14041172.0,80000000,1385000000,3.0,3.06,-44.17,-53.56,1.064,1.492,1.206,1.142,0.724,0.677,30.1,-2.92,75.9,0.25,0.087,0.98,3.32,0,3.878,0.07,27.93,yield_data.csv,29,0.02175,11.25,67.73646113,2.27,,,canonical_only,,,,,,,,,,,,unavailable,,EOS-USD,,,0,0,csv/quotes/EOS.csv,raw supplied quote fields only; blank means unavailable,first canonical row with source_file=yield_data.csv,1
ETH,ethereum,#627eea,E,3.41,3.53,3.38,3.48,3.76,3.82,3.89,3.8,3.45,3.82,0.37,0,native validator staking with MEV,layer1,175516037820.0,196248929362.0,196248929362.0,229956157440,31.02,1235.4,1345.68,1345.68,1907.14,8.93,41.72,75.06,65.44,8319.39,5725.47,-31.18,587877353.0,3455762997.0,44840000000,120682144,0.5,2.5,-63.24,-67.61,1.932,2.781,1.078,1.052,0.832,0.76,50.7,-18.86,-13.06,0.19,0.073,-1.97,3.43,0,5.837,-0.19,38.54,yield_data.csv,3,0.01387,5.12837104,25.36653003,5.79,csv/table-1786043383034.csv,ETH-USD,source_snapshot,1786043306,229956157440,1907.14,-0.4426755,8254918656,12804199251,4953.733,1506.5057,120682144,https://www.ethereum.org/,CCC,source_snapshot,csv/table-1786043383034.csv,ETH-USD,1786043306,2026-08-06T19:08:26Z,83,98.8,csv/quotes/ETH.csv,raw supplied quote fields only; blank means unavailable,first canonical row with source_file=yield_data.csv,1
ETHFI,ether.fi,#3b82f6,F,2.52,2.74,2.53,2.71,2.69,2.95,3.01,2.94,2.62,2.9,0.28,0,liquid restaking eETH yield,defi,431602512.0,401988769.0,401988769.0,520000000,20.48,0.603,0.6835,0.6835,0.85,13.35,24.36,96.0,106.59,19.75,13.12,-33.57,2382198.0,8973146.0,5190000000,612000000,0.0,1.63,-85.28,-39.15,0.646,0.844,1.273,1.168,0.552,0.797,48.4,10.82,-25.45,0.18,0.066,2.92,3.07,1,2.721,0.25,16.16,yield_data.csv,43,0.01188,0.1001926782,160.7690403,-0.02,,,canonical_only,,,,,,,,,,,,unavailable,,ETHFI-USD,,,0,0,csv/quotes/ETHFI.csv,raw supplied quote fields only; blank means unavailable,first canonical row with source_file=yield_data.csv,1
FIL,filecoin,#0090ff,F,4.59,4.61,5.17,4.63,5.48,5.63,4.98,5.86,4.75,5.49,0.74,0,storage provider collateral yield,storage,2382265045.0,3450000993.0,3450000993.0,3200000000,34.33,3.77,3.85,3.85,4.85,2.12,25.97,80.0,76.77,37.21,189.72,409.86,14205910.0,53841054.0,800000000,660000000,15.0,3.03,-46.04,-22.06,3.438,4.546,1.288,1.311,0.691,0.587,54.3,6.69,71.69,0.47,0.154,2.36,5.44,0,7.151,0.86,62.14,yield_data.csv,24,0.07238,4,21.75093709,3.13,,,canonical_only,,,,,,,,,,,,unavailable,,FIL-USD,,,0,0,csv/quotes/FIL.csv,raw supplied quote fields only; blank means unavailable,first canonical row with source_file=yield_data.csv,1
FLOW,flow,#00ef8b,W,4.35,4.09,4.07,4.67,4.46,4.6,4.55,4.68,4.29,4.57,0.28,0,epoch-based staking rewards,nft,654103841.0,736391369.0,736391369.0,950000000,45.24,0.2794,0.3,0.3,0.52,7.37,73.33,102.0,111.91,28.12,69.15,145.91,2795411.0,10859482.0,90000000,1830000000,3.5,0.68,-49.86,-76.29,2.245,2.296,1.316,1.257,0.475,0.594,44.4,0.97,32.38,0.23,0.071,3.91,4.48,0,4.084,-0.68,37.81,yield_data.csv,37,0.01633,10.55555556,64.14353659,0.66,,,canonical_only,,,,,,,,,,,,unavailable,,FLOW-USD,,,0,0,csv/quotes/FLOW.csv,raw supplied quote fields only; blank means unavailable,first canonical row with source_file=yield_data.csv,1
FTM,fantom,#1969ff,F,4.4,5.08,4.66,4.54,4.88,5.1,4.69,5.11,4.67,4.95,0.28,0,sonic consensus staking,layer1,1841484118.0,2216439006.0,2216439006.0,2200000000,19.47,0.4588,0.4865,0.4865,0.58,6.04,19.22,65.0,62.85,54.02,111.78,106.92,4784669.0,27486786.0,350000000,3800000000,4.5,0.84,-55.66,-46.57,4.108,4.694,1.24,1.262,0.694,0.849,64.6,-18.69,-11.67,0.26,0.056,-1.6,5.4,1,7.876,0.07,57.63,yield_data.csv,33,0.01456,6.285714286,16.60289732,6.55,,,canonical_only,,,,,,,,,,,,unavailable,,FTM-USD,,,0,0,csv/quotes/FTM.csv,raw supplied quote fields only; blank means unavailable,first canonical row with source_file=yield_data.csv,1
GLMR,moonbeam,#53cbc8,G,9.57,10.63,10.46,8.87,9.48,10.19,9.68,10.31,9.88,9.91,0.03,0,parachain collator staking,layer1,160274131.0,239870403.0,239870403.0,280000000,74.7,0.1131,0.1416,0.1416,0.18,25.2,27.12,78.0,72.77,4.68,12.3,162.82,142667.0,3031635.0,35000000,1550000000,10.0,1.28,-47.76,-46.34,10.103,10.87,1.139,1.087,0.796,0.682,36.0,4.85,41.97,0.56,0.003,0.12,10.7,1,13.618,-0.18,100,yield_data.csv,40,0.00168,8,7.625117755,9.79,,,canonical_only,,,,,,,,,,,,unavailable,,GLMR-USD,,,0,0,csv/quotes/GLMR.csv,raw supplied quote fields only; blank means unavailable,first canonical row with source_file=yield_data.csv,1
GRT,the-graph,#6747ed,G,5.6,4.74,4.78,4.86,5.34,5.94,5.88,5.9,5.0,5.77,0.77,0,indexer delegation rewards,infrastructure,1237897139.0,1633444404.0,1633444404.0,1700000000,37.33,0.0928,0.0822,0.0822,0.18,-11.42,118.98,75.0,86.23,28.23,167.94,494.9,5032640.0,18940355.0,180000000,9440000000,3.0,1.03,-24.86,-23.83,4.0,4.372,1.273,1.103,0.432,0.519,55.0,-4.57,-18.64,0.49,0.14,1.73,6.82,1,6.691,0.61,59.62,yield_data.csv,51,0.0686,9.444444444,25.10768298,4.04,,,canonical_only,,,,,,,,,,,,unavailable,,GRT-USD,,,0,0,csv/quotes/GRT.csv,raw supplied quote fields only; blank means unavailable,first canonical row with source_file=yield_data.csv,1
HYPE,hyperliquid,#ffd700,H,3.1,2.6,2.61,2.73,2.96,3.21,3.14,3.44,2.76,3.19,0.43,0,validator staking with fee discounts,layer1,2202382786.0,3182471639.0,3182471639.0,3800000000,72.54,6.47,7.8,7.8,11.5,20.56,47.44,65.0,73.07,44.73,379.45,748.31,8065288.0,3575017.0,782190000,330000000,3.0,3.03,-46.78,-50.82,1.169,1.629,1.233,1.367,0.712,0.655,43.6,2.45,46.67,0.28,0.085,1.68,3.48,1,4.366,0.62,30.88,yield_data.csv,48,0.0238,4.858154668,55.30712707,1.51,,,canonical_only,,,,,,,,,,,,unavailable,,HYPE-USD,,,0,0,csv/quotes/HYPE.csv,raw supplied quote fields only; blank means unavailable,first canonical row with source_file=yield_data.csv,1
ICP,internet-computer,#3b00b9,I,9.04,10.17,9.75,9.2,8.63,9.32,8.71,9.11,9.54,8.94,-0.6,0,neuron governance staking,layer1,3570094811.0,5322621356.0,5322621356.0,5200000000,45.65,5.06,6.37,6.37,6.85,25.89,7.54,65.0,58.39,115.18,437.95,280.23,19548052.0,42605812.0,250000000,759000000,8.0,3.02,-38.65,-17.96,11.6,11.886,1.007,1.055,0.753,0.876,30.6,12.88,45.81,0.48,-0.103,-1.93,10.06,1,15.311,-0.33,100,yield_data.csv,50,-0.04944,20.8,4.946889618,10.87,,,canonical_only,,,,,,,,,,,,unavailable,,ICP-USD,,,0,0,csv/quotes/ICP.csv,raw supplied quote fields only; blank means unavailable,first canonical row with source_file=yield_data.csv,1
INJ,injective,#00a3ff,I,7.88,9.69,10.06,8.23,8.75,9.3,9.13,9.41,8.96,9.15,0.19,0,cosmos-sdk PoS with exchange fees,defi,1333137563.0,1242731734.0,1242731734.0,2200000000,65.02,10.45,9.85,9.85,18.5,-5.74,87.82,80.0,83.39,62.44,135.12,116.4,425915.0,9892602.0,450000000,119000000,7.0,0.84,-39.42,-45.34,8.7,8.574,1.34,1.439,0.539,0.631,58.6,-18.19,-39.09,0.69,0.073,-2.24,9.88,1,10.973,-0.37,99.96,yield_data.csv,22,0.05037,4.888888889,13.03272685,11.39,,,canonical_only,,,,,,,,,,,,unavailable,,INJ-USD,,,0,0,csv/quotes/INJ.csv,raw supplied quote fields only; blank means unavailable,first canonical row with source_file=yield_data.csv,1
JTO,jito,#9945ff,J,5.17,4.95,5.19,5.03,4.68,4.81,5.05,5.16,5.08,4.92,-0.16,0,jitoSOL MEV-enhanced staking,defi,258716962.0,299985372.0,299985372.0,380000000,46.88,1.14,1.23,1.23,2.15,7.89,74.8,96.0,92.2,7.5,23.26,210.13,1141534.0,5843700.0,350000000,177000000,0.0,5.65,-85.28,-33.73,3.208,3.167,1.295,1.378,0.683,0.752,64.1,-5.12,-29.34,0.17,-0.013,-1.44,4.78,0,5.336,0.22,38.7,yield_data.csv,44,-0.00221,1.085714286,37.70097884,6.36,,,canonical_only,,,,,,,,,,,,unavailable,,JTO-USD,,,0,0,csv/quotes/JTO.csv,raw supplied quote fields only; blank means unavailable,first canonical row with source_file=yield_data.csv,1
KAVA,kava,#ff564f,K,10.85,9.04,11.2,10.71,10.0,10.96,9.71,10.78,10.45,10.36,-0.09,0,hard protocol + tendermint staking,defi,257226967.0,384532470.0,384532470.0,380000000,47.73,0.2749,0.2438,0.2438,0.42,-11.31,72.27,96.0,95.3,16.35,37.93,131.99,785794.0,3275668.0,180000000,905000000,10.0,1.17,-69.62,-50.69,8.802,8.772,1.327,1.267,0.542,0.764,54.1,15.6,-9.02,0.7,0.017,3.41,11.89,1,10.871,-0.63,100,yield_data.csv,35,0.0119,2.111111111,14.41667807,6.95,,,canonical_only,,,,,,,,,,,,unavailable,,KAVA-USD,,,0,0,csv/quotes/KAVA.csv,raw supplied quote fields only; blank means unavailable,first canonical row with source_file=yield_data.csv,1
LDO,lido,#00a3ff,D,1.88,1.59,1.64,1.69,2.01,1.81,2.02,2.41,1.7,2.06,0.36,0,stETH liquid staking passthrough,defi,1182731261.0,1270374640.0,1270374640.0,1450000000,22.6,0.82,0.72,0.72,1.55,-12.2,115.28,80.0,88.01,77.54,63.18,-18.52,5882291.0,22098539.0,19790000000,935000000,0.0,1.07,-67.4,-46.09,-0.375,0.068,1.423,1.388,0.53,0.721,34.8,-17.52,63.88,0.25,0.08,-1.02,2.04,0,2.341,-0.01,10.79,yield_data.csv,45,0.02,0.07326932794,1841.738676,3.08,,,canonical_only,,,,,,,,,,,,unavailable,,LDO-USD,,,0,0,csv/quotes/LDO.csv,raw supplied quote fields only; blank means unavailable,first canonical row with source_file=yield_data.csv,1
LINK,chainlink,#2a5ada,L,2.9,3.18,2.71,3.19,3.39,2.98,3.21,3.67,3.0,3.31,0.31,0,oracle node staking v0.2,oracle,4467832716.0,5556096685.0,5556096685.0,6164938752,37.98,6.88,7.42,7.42,8.24,7.85,11.05,70.0,79.73,217.04,429.97,98.11,5131187.0,63032512.0,200000000,748099968,0.0,1.34,-21.49,-52.94,1.429,1.643,1.05,0.975,0.412,0.628,61.5,-12.7,-4.85,0.28,0.078,1.33,3.31,0,4.152,-0.65,22.07,yield_data.csv,14,0.02184,30.82469376,50.95343883,1.98,csv/table-1786043428259.csv,LINK-USD,source_snapshot,1786043326,6164938752,8.24,0.74581087,192158624,327226371,27.735258,7.022404,748099968,https://chain.link/,CCC,source_snapshot,csv/table-1786043428259.csv,LINK-USD,1786043326,2026-08-06T19:08:46Z,83,98.8,csv/quotes/LINK.csv,raw supplied quote fields only; blank means unavailable,first canonical row with source_file=yield_data.csv,1
LUNC,terra-luna,#f9d71c,L,8.21,9.08,9.22,7.88,8.66,8.71,8.76,9.37,8.6,8.88,0.28,0,post-collapse community staking,payments,280911479.0,323054820.0,323054820.0,420000000,49.51,0.0001,0.0001,0.0001,0.0001,0.0,0.0,66.0,59.39,19.47,14.16,-27.27,412968.0,6475322.0,30000000,5250000000000,8.0,1.43,-41.38,-39.84,10.0,11.584,0.947,0.91,0.408,0.739,35.1,13.71,34.39,0.47,0.069,-1.8,8.36,0,14.952,0.04,100,yield_data.csv,60,0.03243,14,4.855173515,10.68,,,canonical_only,,,,,,,,,,,,unavailable,,LUNC-USD,,,0,0,csv/quotes/LUNC.csv,raw supplied quote fields only; blank means unavailable,first canonical row with source_file=yield_data.csv,1
MATIC,polygon,#8247e5,P,5.01,5.39,5.37,5.07,5.45,5.51,5.21,5.81,5.21,5.5,0.29,0,PoS chain validator rewards post-migration,layer2,2028292690.0,2664365032.0,2664365032.0,3500000000,72.56,0.2712,0.3143,0.3143,0.35,15.89,11.36,75.0,73.94,157.68,340.26,115.79,14770269.0,33722536.0,800000000,10000000000,3.5,1.0,-21.96,-27.27,4.28,4.734,1.25,1.099,0.624,0.573,48.0,-19.37,-39.97,0.24,0.065,1.65,6.58,1,7.438,0.67,58.95,yield_data.csv,5,0.0156,4.375,19.52365864,3.85,,,canonical_only,,,,,,,,,,,,unavailable,,MATIC-USD,,,0,0,csv/quotes/MATIC.csv,raw supplied quote fields only; blank means unavailable,first canonical row with source_file=yield_data.csv,1
MINA,mina,#ff6038,M,7.39,7.73,7.62,7.68,8.51,8.46,7.83,8.18,7.61,8.25,0.64,0,snark-based PoS consensus,layer1,275218510.0,276849712.0,276849712.0,480000000,74.41,0.2843,0.4012,0.4012,0.38,41.12,-5.28,78.0,88.79,13.78,11.41,-17.2,1479364.0,4978416.0,40000000,1260000000,8.0,2.54,-34.53,-23.84,7.192,7.039,1.126,0.996,0.85,0.859,61.8,-16.77,30.71,0.38,0.112,2.88,8.35,1,9.292,0.93,91.11,yield_data.csv,38,0.04256,12,14.20337264,5.37,,,canonical_only,,,,,,,,,,,,unavailable,,MINA-USD,,,0,0,csv/quotes/MINA.csv,raw supplied quote fields only; blank means unavailable,first canonical row with source_file=yield_data.csv,1
MKR,maker,#1aab9b,M,1.72,2.24,2.16,1.76,2.22,2.45,2.17,2.35,1.97,2.3,0.33,0,sky protocol revenue share,defi,1058700939.0,1260605292.0,1260605292.0,1300000000,22.79,629.84,806.57,806.57,1200.0,28.06,48.78,80.0,89.02,48.54,125.49,158.53,862494.0,19854492.0,5920000000,1080000,0.0,0.93,-65.83,-30.57,-0.038,0.337,1.389,1.211,0.585,0.642,53.8,5.03,8.77,0.24,0.064,1.36,2.63,1,2.584,0.34,10.68,yield_data.csv,53,0.01536,0.2195945946,366.9103264,0.94,,,canonical_only,,,,,,,,,,,,unavailable,,MKR-USD,,,0,0,csv/quotes/MKR.csv,raw supplied quote fields only; blank means unavailable,first canonical row with source_file=yield_data.csv,1
MNDE,marinade,#00d4aa,M,4.96,4.92,6.03,5.43,5.26,5.94,5.94,5.97,5.33,5.78,0.45,0,mSOL liquid staking on solana,defi,100938840.0,93194248.0,93194248.0,120000000,18.88,0.079,0.0766,0.0766,0.12,-3.04,56.66,96.0,90.58,7.98,6.67,-16.42,418159.0,1670270.0,150000000,1000000000,0.0,1.24,-50.91,-58.88,3.469,4.173,1.456,1.63,0.576,0.61,33.3,-19.77,-36.59,0.44,0.14,1.09,6.95,1,6.381,0.88,49.0,yield_data.csv,47,0.0616,0.8,31.60423676,4.69,,,canonical_only,,,,,,,,,,,,unavailable,,MNDE-USD,,,0,0,csv/quotes/MNDE.csv,raw supplied quote fields only; blank means unavailable,first canonical row with source_file=yield_data.csv,1
NEAR,near,#00c08b,N,7.22,7.35,7.73,7.55,8.08,8.35,8.01,8.28,7.46,8.18,0.72,0,nightshade sharded PoS,layer1,3961582130.0,5257405193.0,5257405193.0,5500000000,38.83,2.92,3.46,3.46,3.95,18.49,14.16,65.0,57.36,129.17,278.63,115.71,5318654.0,80913732.0,800000000,1392000000,5.0,0.72,-59.09,-47.38,8.4,10.774,1.273,1.333,0.685,0.73,54.3,-8.51,65.99,0.4,0.156,3.71,7.3,0,14.261,0.48,100,yield_data.csv,19,0.0624,6.875,6.777360312,4.47,,,canonical_only,,,,,,,,,,,,unavailable,,NEAR-USD,,,0,0,csv/quotes/NEAR.csv,raw supplied quote fields only; blank means unavailable,first canonical row with source_file=yield_data.csv,1
NEO,neo,#58bf00,O,2.88,3.19,3.07,3.12,2.98,3.17,3.22,3.38,3.06,3.19,0.13,0,neo/gas dual-token staking,layer1,564478921.0,738389702.0,738389702.0,750000000,32.87,7.33,7.58,7.58,10.5,3.41,38.52,78.0,78.73,44.15,33.09,-25.05,2770808.0,10737997.0,60000000,71500000,2.0,1.4,-50.18,-27.85,1.359,1.511,1.141,1.292,0.752,0.766,56.5,-14.91,-24.74,0.14,0.045,1.9,3.14,0,4.052,0.02,21.55,yield_data.csv,30,0.0063,12.5,59.45131039,1.29,,,canonical_only,,,,,,,,,,,,unavailable,,NEO-USD,,,0,0,csv/quotes/NEO.csv,raw supplied quote fields only; blank means unavailable,first canonical row with source_file=yield_data.csv,1
ONDO,ondo,#1a3c6e,O,1.49,1.98,1.56,1.74,2.01,2.19,2.18,2.07,1.69,2.11,0.42,1,annualized from rwa tokenization yield,rwa,743435630.0,833156550.0,833156550.0,1100000000,47.96,0.85,0.79,0.79,1.05,-7.06,32.91,60.0,61.51,53.53,72.51,35.46,5037151.0,21674524.0,1400000000,1048000000,0.0,9.54,-52.0,-38.22,-0.517,0.179,0.891,0.848,0.478,0.721,32.3,-2.21,76.01,0.25,0.086,3.53,1.93,0,3.43,0.17,17.51,yield_data.csv,49,0.0215,0.7857142857,306.1754749,-1.42,,,canonical_only,,,,,,,,,,,,unavailable,,ONDO-USD,,,0,0,csv/quotes/ONDO.csv,raw supplied quote fields only; blank means unavailable,first canonical row with source_file=yield_data.csv,1
ONE,harmony,#00aee9,H,6.9,6.5,6.25,6.34,6.69,6.94,6.96,7.59,6.5,7.04,0.54,0,effective proof-of-stake,layer1,407427094.0,609564234.0,609564234.0,550000000,34.99,0.0201,0.0221,0.0221,0.028,9.95,26.7,78.0,73.82,29.88,12.77,-57.26,208057.0,3795502.0,25000000,19600000000,8.0,0.64,-27.34,-44.09,5.769,6.827,1.03,0.908,0.805,0.851,52.2,1.86,31.33,0.4,0.114,-2.0,7.02,0,9.537,0.82,79.76,yield_data.csv,34,0.0456,22,11.13733704,9.04,,,canonical_only,,,,,,,,,,,,unavailable,,ONE-USD,,,0,0,csv/quotes/ONE.csv,raw supplied quote fields only; blank means unavailable,first canonical row with source_file=yield_data.csv,1
OP,optimism,#ff0420,P,2.35,2.28,2.08,2.16,2.3,2.66,2.7,2.53,2.22,2.55,0.33,0,governance staking with retro funding,layer2,2727170458.0,2867086324.0,2867086324.0,3800000000,39.34,0.89,1.1,1.1,1.45,23.6,31.82,75.0,73.08,178.86,210.73,17.82,16915566.0,25996013.0,1200000000,2620000000,2.0,1.64,-20.62,-24.79,0.293,0.753,1.136,1.256,0.481,0.455,38.4,0.57,-6.77,0.21,0.062,2.04,2.31,0,3.489,-0.21,17.49,yield_data.csv,18,0.01302,3.166666667,110.2508367,0.51,,,canonical_only,,,,,,,,,,,,unavailable,,OP-USD,,,0,0,csv/quotes/OP.csv,raw supplied quote fields only; blank means unavailable,first canonical row with source_file=yield_data.csv,1
PENDLE,pendle,#1e293b,P,5.92,6.2,5.46,6.16,5.72,5.87,5.63,6.49,5.94,5.93,-0.01,0,yield tokenization protocol staking,defi,674788701.0,1007759677.0,1007759677.0,950000000,40.78,2.39,3.37,3.37,3.85,41.0,14.24,96.0,102.3,30.9,88.69,187.02,4360414.0,2965697.0,250000000,247000000,0.0,1.04,-53.07,-78.09,4.104,3.842,1.485,1.58,0.552,0.581,68.7,16.99,-31.38,0.32,0.023,-0.47,5.82,0,5.797,-0.97,50.07,yield_data.csv,41,0.00736,3.8,39.54073399,6.4,,,canonical_only,,,,,,,,,,,,unavailable,,PENDLE-USD,,,0,0,csv/quotes/PENDLE.csv,raw supplied quote fields only; blank means unavailable,first canonical row with source_file=yield_data.csv,1
RENDER,render,#ff6b35,R,4.21,4.81,4.1,4.13,4.87,4.68,4.81,5.25,4.31,4.9,0.59,0,DePIN GPU compute staking,depin,1683362046.0,1741929245.0,1741929245.0,2800000000,66.33,4.49,4.39,4.39,5.35,-2.23,21.87,85.0,76.29,133.78,142.43,6.47,6005240.0,47985668.0,120000000,523000000,3.0,1.02,-61.2,-62.05,2.718,3.801,1.339,1.315,0.684,0.632,33.7,20.36,48.69,0.39,0.116,-2.07,4.44,0,6.423,0.02,50.66,yield_data.csv,23,0.04524,23.33333333,26.87511444,6.97,,,canonical_only,,,,,,,,,,,,unavailable,,RENDER-USD,,,0,0,csv/quotes/RENDER.csv,raw supplied quote fields only; blank means unavailable,first canonical row with source_file=yield_data.csv,1
ROSE,oasis,#0092f6,O,9.0,8.32,8.77,8.66,8.78,8.5,9.34,9.47,8.69,9.02,0.33,0,paratime validator rewards,privacy,334480933.0,449871298.0,449871298.0,520000000,55.46,0.0534,0.0512,0.0512,0.075,-4.12,46.48,108.0,105.38,5.76,34.74,503.13,1383374.0,3054339.0,30000000,6940000000,7.0,1.44,-80.17,-79.08,6.194,6.662,1.212,1.369,0.618,0.583,44.3,3.27,74.32,0.37,0.092,-0.51,10.61,1,8.559,0.46,89.29,yield_data.csv,36,0.03404,17.33333333,19.17150405,9.53,,,canonical_only,,,,,,,,,,,,unavailable,,ROSE-USD,,,0,0,csv/quotes/ROSE.csv,raw supplied quote fields only; blank means unavailable,first canonical row with source_file=yield_data.csv,1
RPL,rocketpool,#e16f3a,R,2.09,2.32,2.11,2.36,2.53,2.52,2.52,2.72,2.22,2.57,0.35,0,rETH decentralized staking,defi,330211861.0,399778171.0,399778171.0,480000000,45.36,1.39,1.8,1.8,1.85,29.5,2.78,96.0,103.68,7.72,40.0,418.13,968800.0,1761293.0,800000000,260000000,0.0,0.07,-85.64,-61.32,0.229,0.55,1.321,1.344,0.502,0.69,32.8,19.78,77.62,0.2,0.081,-2.66,2.54,0,2.479,0.65,13.14,yield_data.csv,46,0.0162,0.6,249.0205091,5.23,,,canonical_only,,,,,,,,,,,,unavailable,,RPL-USD,,,0,0,csv/quotes/RPL.csv,raw supplied quote fields only; blank means unavailable,first canonical row with source_file=yield_data.csv,1
SEI,sei,#9e1e1e,E,6.68,5.91,6.61,5.83,6.16,6.81,6.52,6.47,6.26,6.49,0.23,0,parallelized orderbook L1 staking,layer1,1245763857.0,1428287193.0,1428287193.0,2200000000,76.6,0.2195,0.2817,0.2817,0.42,28.34,49.09,65.0,68.14,73.92,176.21,138.38,3361818.0,21348106.0,350000000,5250000000,6.0,1.9,-20.18,-35.62,6.554,6.589,1.157,1.096,0.679,0.728,37.2,24.5,63.62,0.34,0.03,-1.61,6.28,0,9.525,-0.69,82.3,yield_data.csv,20,0.0102,6.285714286,11.9650903,8.1,,,canonical_only,,,,,,,,,,,,unavailable,,SEI-USD,,,0,0,csv/quotes/SEI.csv,raw supplied quote fields only; blank means unavailable,first canonical row with source_file=yield_data.csv,1
SNX,synthetix,#00d1ff,S,4.91,4.98,5.05,6.0,5.64,5.92,5.73,5.97,5.24,5.81,0.57,0,snx collateral staking rewards,defi,590296517.0,811010467.0,811010467.0,720000000,21.97,0.76,0.83,0.83,1.15,9.21,38.55,96.0,89.93,9.31,29.46,216.43,646798.0,12151867.0,650000000,626000000,5.0,0.52,-57.26,-36.5,3.375,4.237,1.404,1.301,0.689,0.658,63.4,-16.83,44.63,0.44,0.16,1.91,6.89,1,6.461,0.13,56.63,yield_data.csv,55,0.0704,1.107692308,29.79979231,3.9,,,canonical_only,,,,,,,,,,,,unavailable,,SNX-USD,,,0,0,csv/quotes/SNX.csv,raw supplied quote fields only; blank means unavailable,first canonical row with source_file=yield_data.csv,1
SOL,solana,#14f195,S,6.35,6.87,6.72,6.73,6.69,7.25,7.19,7.2,6.67,7.08,0.41,0,delegated PoS with MEV-enhanced liquid staking,layer1,29224251417.0,42599572147.0,42599572147.0,42303602688,44.76,61.51,72.42,72.42,72.75,17.74,0.46,55.25,56.24,1710.61,1740.72,1.76,169595986.0,426750380.0,5780000000,581421568,5.0,2.2,-46.39,-26.67,8.452,9.033,1.088,1.013,0.608,0.801,53.9,0.62,22.75,0.3,0.108,0.92,8.45,1,12.589,0.52,98.16,yield_data.csv,4,0.0324,7.318962403,6.773953282,6.16,csv/table-1786043389453.csv,SOL-USD,source_snapshot,1786043327,42303602688,72.75,-2.2308877,1488574592,2737100422,253.2099,60.41472,581421568,https://solana.com,CCC,source_snapshot,csv/table-1786043389453.csv,SOL-USD,1786043327,2026-08-06T19:08:47Z,83,98.8,csv/quotes/SOL.csv,raw supplied quote fields only; blank means unavailable,first canonical row with source_file=yield_data.csv,1
SUI,sui,#4da2ff,U,5.51,4.55,5.55,4.49,5.15,4.91,4.54,5.46,5.03,5.02,-0.01,0,delegated PoS with variable participation,layer1,4776500317.0,7045197235.0,7045197235.0,7500000000,57.02,1.91,1.76,1.76,2.45,-7.85,39.2,65.0,70.22,170.65,688.14,303.25,20502573.0,51865713.0,634570000,3060000000,3.5,3.27,-40.55,-46.14,4.662,4.301,1.034,1.071,0.63,0.679,44.2,9.16,38.7,0.43,-0.02,-2.77,5.4,0,7.149,-0.04,52.94,yield_data.csv,11,-0.0086,11.81902706,16.88153453,7.79,,,canonical_only,,,,,,,,,,,,unavailable,,SUI-USD,,,0,0,csv/quotes/SUI.csv,raw supplied quote fields only; blank means unavailable,first canonical row with source_file=yield_data.csv,1
TAO,bittensor,#0a0a0a,O,8.93,10.13,9.43,9.87,9.8,9.89,9.2,10.24,9.59,9.78,0.19,0,staking-secured AI subnet rewards,ai,2672959910.0,2778562233.0,2778562233.0,3200000000,19.72,3.36,3.55,3.55,4.25,5.65,19.72,90.0,81.93,102.49,221.27,115.89,8852921.0,30508310.0,150000000,753000000,5.0,0.03,-69.82,-46.51,8.433,9.496,1.306,1.356,0.446,0.718,68.0,16.62,60.21,0.43,0.069,2.62,11.25,1,11.937,-0.27,100,yield_data.csv,13,0.02967,21.33333333,11.26796335,7.16,,,canonical_only,,,,,,,,,,,,unavailable,,TAO-USD,,,0,0,csv/quotes/TAO.csv,raw supplied quote fields only; blank means unavailable,first canonical row with source_file=yield_data.csv,1
THETA,theta,#2ab8e6,H,2.73,2.68,2.91,3.08,3.2,3.18,3.42,3.37,2.85,3.29,0.44,0,guardian node staking,media,926742242.0,1373865566.0,1373865566.0,1300000000,40.28,0.8,0.85,0.85,1.08,6.25,27.06,80.0,90.13,28.51,75.71,165.56,305978.0,16200255.0,110000000,1200000000,2.5,0.83,-30.42,-27.72,1.062,1.431,1.229,1.259,0.533,0.563,49.9,-17.34,-3.14,0.26,0.108,-2.71,3.56,1,3.65,0.43,22.75,yield_data.csv,32,0.02808,11.81818182,77.40724668,6,,,canonical_only,,,,,,,,,,,,unavailable,,THETA-USD,,,0,0,csv/quotes/THETA.csv,raw supplied quote fields only; blank means unavailable,first canonical row with source_file=yield_data.csv,1
TIA,celestia,#7b2cbf,T,13.05,12.72,12.06,13.26,12.66,13.18,12.9,13.49,12.77,13.06,0.29,0,data availability sampling rewards,infrastructure,1982324421.0,2395062003.0,2395062003.0,2800000000,41.25,2.99,3.03,3.03,3.85,1.34,27.06,75.0,83.41,92.69,175.02,88.82,11790497.0,18431381.0,200000000,728000000,8.0,1.37,-68.61,-37.39,14.36,13.26,1.185,1.199,0.446,0.615,69.2,12.79,-24.25,0.41,0.08,3.53,14.41,1,15.658,0.7,100,yield_data.csv,21,0.0328,14,7.454061086,9.53,,,canonical_only,,,,,,,,,,,,unavailable,,TIA-USD,,,0,0,csv/quotes/TIA.csv,raw supplied quote fields only; blank means unavailable,first canonical row with source_file=yield_data.csv,1
TRX,tron,#ff060a,R,3.52,3.86,3.2,3.39,3.47,3.51,3.68,3.93,3.49,3.65,0.16,0,super representative voting rewards,payments,5716513748.0,5507260567.0,5507260567.0,9800000000,71.43,0.1016,0.1108,0.1108,0.12,9.06,8.3,55.0,46.85,158.82,365.81,130.33,39317468.0,103311172.0,5110000000,81650000000,-2.0,3.28,-16.85,-14.34,2.709,3.522,1.073,0.982,0.653,0.691,52.5,20.47,25.96,0.23,0.035,-2.72,4.4,1,7.791,-0.81,46.65,yield_data.csv,27,0.00805,1.917808219,14.27315446,6.37,,,canonical_only,,,,,,,,,,,,unavailable,,TRX-USD,,,0,0,csv/quotes/TRX.csv,raw supplied quote fields only; blank means unavailable,first canonical row with source_file=yield_data.csv,1
UNI,uniswap,#ff007a,N,2.59,2.62,2.38,2.83,2.42,2.75,3.04,3.08,2.6,2.82,0.22,0,governance fee-switch yield,defi,3090510682.0,3866813286.0,3866813286.0,4500000000,45.61,3.6,4.74,4.74,6.8,31.67,43.46,80.0,70.11,145.76,186.85,28.19,17004585.0,20692591.0,5500000000,660000000,2.0,1.52,-37.33,-36.5,0.75,1.17,1.3,1.459,0.681,0.764,46.1,-12.05,56.77,0.24,0.074,-1.24,3.14,1,4.022,0.2,26.71,yield_data.csv,16,0.01776,0.8181818182,77.9,4.06,,,canonical_only,,,,,,,,,,,,unavailable,,UNI-USD,,,0,0,csv/quotes/UNI.csv,raw supplied quote fields only; blank means unavailable,first canonical row with source_file=yield_data.csv,1
VET,vechain,#15bdff,V,2.46,2.34,2.22,2.61,2.36,2.79,2.64,3.16,2.41,2.74,0.33,0,authority masternode rewards,enterprise,1229674535.0,1157067129.0,1157067129.0,1800000000,46.38,0.014,0.0142,0.0142,0.022,1.43,54.93,65.0,70.25,76.63,154.12,101.12,2325645.0,26673552.0,90000000,80900000000,2.0,1.07,-34.04,-27.24,0.631,1.053,0.944,0.85,0.584,0.459,38.5,11.46,45.51,0.28,0.094,3.08,2.79,0,3.9,-0.47,24.2,yield_data.csv,31,0.02632,20,62.97815764,-0.34,,,canonical_only,,,,,,,,,,,,unavailable,,VET-USD,,,0,0,csv/quotes/VET.csv,raw supplied quote fields only; blank means unavailable,first canonical row with source_file=yield_data.csv,1
WLD,worldcoin,#000000,W,1.04,1.05,1.09,0.85,1.0,1.06,1.3,1.41,1.01,1.19,0.18,1,annualized from orb operator rewards,ai,460702153.0,636717492.0,636717492.0,680000000,47.6,0.5057,0.4801,0.4801,0.85,-5.06,77.05,108.0,98.53,19.84,37.63,89.67,1513210.0,8135256.0,50000000,800000000,5.0,12.5,-33.1,-25.43,-0.917,-0.822,1.362,1.548,0.658,0.678,41.6,-0.11,54.8,0.16,0.046,4.83,1.21,0,1.208,0.48,1.97,yield_data.csv,59,0.00736,13.6,-163.2577372,-3.64,,,canonical_only,,,,,,,,,,,,unavailable,,WLD-USD,,,0,0,csv/quotes/WLD.csv,raw supplied quote fields only; blank means unavailable,first canonical row with source_file=yield_data.csv,1
XLM,stellar,#14b6e8,M,1.56,1.41,1.61,1.62,1.65,1.79,1.81,2.03,1.55,1.82,0.27,1,annualized from inflation pool snapshots,payments,1579492061.0,1507868070.0,1507868070.0,2800000000,77.27,0.0655,0.0666,0.0666,0.09,1.68,35.14,55.0,46.87,87.11,52.38,-39.87,12957622.0,4253466.0,50000000,31100000000,1.0,1.61,-39.44,-25.6,-0.818,-0.384,0.964,0.969,0.562,0.599,32.1,-4.16,24.41,0.18,0.07,0.71,1.75,0,3.883,0.75,6.19,yield_data.csv,28,0.0126,56,-117.6632292,1.11,,,canonical_only,,,,,,,,,,,,unavailable,,XLM-USD,,,0,0,csv/quotes/XLM.csv,raw supplied quote fields only; blank means unavailable,first canonical row with source_file=yield_data.csv,1
XRP,xrp,#23292f,X,0.54,0.76,0.52,0.61,0.74,0.94,0.92,1.13,0.61,0.93,0.32,1,annualized from lending-market snapshots,payments,41922462098.0,45368615616.0,45368615616.0,64662425600,54.24,0.63,0.58,0.58,1.03,-7.94,77.59,46.75,53.04,2186.47,5394.13,146.7,52490267.0,675095977.0,200000000,62533271552,0.0,1.6,-25.2,-21.91,-2.973,-2.017,0.979,1.031,0.421,0.57,37.8,21.47,-34.57,0.2,0.075,1.36,1.08,0,1.753,0.14,0,yield_data.csv,7,0.015,323.312128,-25.74425384,-0.43,csv/table-1786043404706.csv,XRP-USD,source_snapshot,1786043305,64662425600,1.0339,-3.3015351,1422711168,1663364634,3.375807,1.009753,62533271552,https://xrpl.org/,CCC,source_snapshot,csv/table-1786043404706.csv,XRP-USD,1786043305,2026-08-06T19:08:25Z,83,98.8,csv/quotes/XRP.csv,raw supplied quote fields only; blank means unavailable,first canonical row with source_file=yield_data.csv,1
XTZ,tezos,#0d61ff,Z,4.95,4.82,5.39,5.03,5.14,4.92,5.18,5.11,5.05,5.09,0.04,0,"liquid baking delegation, no lock-up",layer1,799768805.0,753502316.0,753502316.0,1100000000,37.54,0.86,1.02,1.02,1.05,18.6,2.94,65.0,62.78,45.55,70.26,54.25,2543169.0,10587224.0,180000000,1048000000,4.5,1.05,-55.17,-17.9,4.692,4.922,1.032,0.906,0.734,0.709,68.9,13.7,-31.46,0.17,0.019,1.82,4.69,0,8.108,-0.91,61.23,yield_data.csv,25,0.00323,6.111111111,13.16313694,3.27,,,canonical_only,,,,,,,,,,,,unavailable,,XTZ-USD,,,0,0,csv/quotes/XTZ.csv,raw supplied quote fields only; blank means unavailable,first canonical row with source_file=yield_data.csv,1
YFI,yearn,#0657f9,Y,2.05,2.02,1.96,2.05,2.01,2.42,2.45,2.48,2.02,2.34,0.32,0,vault strategy yield share,defi,186790103.0,171019864.0,171019864.0,320000000,71.32,6011.88,7269.03,7269.03,8600.0,20.91,18.31,96.0,95.99,10.93,5.6,-48.76,1215269.0,5204357.0,80000000,37200,0.0,0.99,-34.7,-19.96,0.021,0.354,1.348,1.527,0.657,0.751,68.4,-13.48,34.13,0.21,0.077,-0.91,2.21,0,2.438,0.07,11.99,yield_data.csv,58,0.01617,4,365.5212429,3.25,,,canonical_only,,,,,,,,,,,,unavailable,,YFI-USD,,,0,0,csv/quotes/YFI.csv,raw supplied quote fields only; blank means unavailable,first canonical row with source_file=yield_data.csv,1
